Name,Address,Email,Phone Number,Date of Birth,Social Security Number,Credit Card Number,Username
John Phillips,"0413 Reyes Manors
South Christopherburgh, NY 74376",user_0d5a400b@ts_example.com,001-617-782-57`D28x33877,1950-09-17,<US_SSN>,<CREDIT_CARD>,colonhenry
Kenneth Garcia,"31074 Whitney Port
New Christineland, SD 16429",user_17127014@ts_example.com,001-840-865-8714x223,2000-05-11,<US_SSN>,2281978401862969,riveraphillip
Robert Keller,"26462 Vincent Grove Suite 540
Jasonview, NY 45878",user_c95b0848@ts_example.com,750.548.0981,1964-01-29,<US_SSN>,<CREDIT_CARD>,jessica58
Kelly Johnson,"USNV King
FPO AE 14767",user_c47d0fa5@ts_example.com,2192178917,1984-08-12,<US_SSN>,2711436755729516,hilljames
Patricia Gomez PhD,"363 Howard Highway
New Amanda, DE 94010",user_da743f7d@ts_example.com,001-620-674-7811,1973-07-27,<US_SSN>,2232101386190930,wryan
Evan Ruiz,"436 Johnson Inlet
Valerieland, PR 56711",user_8978dc3c@ts_example.com,001-381-607-0038x188,1974-01-09,<US_SSN>,2262802649775374,perkinsandrew
Scott Pollard,"68908 Aaron Springs
North Diane, ME 68103",user_af7585ea@ts_example.com,481-471-7415,1983-08-02,<US_SSN>,2704557156998910,chenamy
Bethany Myers,"75362 Morse Well Suite 747
Acostastad, KS 38810",user_34dd4a6b@ts_example.com,(365)639-0040x8097,1947-10-22,<US_SSN>,2273010398875844,nathanwalters
Cody Rodriguez,"77145 Sergio Freeway
Port Timmouth, WY 78747",user_90bc25f8@ts_example.com,430.448.9115x49876,1934-08-15,<US_SSN>,2676633284595326,dylangutierrez
Jennifer Johnson,"97934 Jacob Mews
Williammouth, AL 90300",user_c6376593@ts_example.com,001-965-570-6859x5178,1978-08-15,<US_SSN>,2273238483309656,catherineharris
Jessica Cabrera,"8385 Dunn Gateway
Tiffanyton, MA 58982",user_f0d8e034@ts_example.com,001-897-819-4368x30467,1976-06-30,<US_SSN>,<CREDIT_CARD>,abigailwarren
Troy Hamilton,"3714 Rachael Crescent
Berryborough, WA 62239",user_efe8a472@ts_example.com,(681)650-2023x8726,1999-11-13,<US_SSN>,2298413241685330,david38
Tracy Dunn,"3954 Michael Run
West Janiceland, MA 19300",user_c07f8ee3@ts_example.com,(808)480-7207x21183,1950-11-19,<US_SSN>,2263069683548112,cho
Kyle Smith,"818 Joshua Gateway
Barnettland, SC 78100",user_eddb8a32@ts_example.com,572.367.5306x001,1995-08-06,<US_SSN>,2239273506192279,qschwartz
Christopher Smith,"Unit 0371 Box 2088
DPO AP 03104",user_52edc9f5@ts_example.com,(568)463-4008,1944-04-12,<US_SSN>,2708890996377318,casemelanie
Donna Fuller,"7112 Samuel Bypass
East Tyler, GU 38786",user_b3d9b0b9@ts_example.com,+1-238-438-0231x6540,1969-06-28,<US_SSN>,<CREDIT_CARD>,robinsonbethany
Mason Bell,"248 Stacy Mills Suite 636
Denisestad, SC 52677",user_02802c3b@ts_example.com,760.682.1125,1959-05-08,<US_SSN>,2712526855280953,yrodriguez
Michelle Phillips,"92319 Hayden Avenue
Lake Dakota, MO 91304",user_61be008e@ts_example.com,001-381-269-7279x1908,1944-06-21,<US_SSN>,2720070845625514,patricia22
Robert Ortiz,"159 Yates Lane Suite 628
North Rachelbury, AL 93164",user_6d8d5712@ts_example.com,+1-645-747-8948x96005,1951-11-26,<US_SSN>,<CREDIT_CARD>,kellyanderson
Mary Parker,"00539 Cheryl Lights Apt. 860
South Robert, NV 81090",user_351a9cc4@ts_example.com,001-945-918-9392x175,1969-01-28,<US_SSN>,2261131244288497,bbell
Mark Brown,"3936 Massey Lights Apt. 456
Nelsonbury, AK 21061",user_28a6cdd4@ts_example.com,+1-512-784-0394x692,1948-08-25,<US_SSN>,2715423759510056,millerluis
Christina Guerrero,"05258 Charles Cliffs Apt. 720
Nancyton, WA 08028",user_b5508d8b@ts_example.com,+1-377-816-2063x299,1981-12-13,<US_SSN>,2603003726234991,jonesthomas
Linda Ramirez,"480 Aaron Mills Suite 601
Chanfurt, MT 26359",user_fde29d51@ts_example.com,326-519-1864,1939-02-02,<US_SSN>,<CREDIT_CARD>,wintersthomas
Scott Lambert,"PSC 4770, Box 1365
APO AP 60514",user_9f47bd55@ts_example.com,+1-915-504-8079x25826,1979-12-01,<US_SSN>,2518826563935930,zritter
Elaine Mitchell,"60486 Robertson Turnpike Suite 301
Haileytown, MD 96186",user_a65f2240@ts_example.com,(216)394-7182x43152,1982-07-18,<US_SSN>,2244874422071787,stacy37
Joseph Williams,"7199 Holly Island Suite 218
East Dale, VA 40979",user_a4c81010@ts_example.com,828.572.3570,1969-11-04,<US_SSN>,2707799025269266,moralesshawn
Brandon Nelson,"PSC 7963, Box 2303
APO AE 16643",user_62c73e32@ts_example.com,001-446-328-4619x470,1946-12-17,<US_SSN>,2291635997706970,guzmanjessica
Beverly Adams,"18941 Karen Burg Suite 500
Port Charles, VT 36157",user_e0da06da@ts_example.com,295.640.9222,1996-11-12,<US_SSN>,2325829692870773,chasehernandez
Richard Nunez,"USCGC Johnson
FPO AA 13440",user_5654be55@ts_example.com,963.522.1783x749,1963-04-08,<US_SSN>,2289469362843893,brownchristopher
Antonio Williams,"677 Little Street Apt. 534
South Marcus, NV 81574",user_bc56123b@ts_example.com,(742)486-7574x456,1951-06-25,<US_SSN>,2710893901422290,xweeks
Barry Moore,"USS Sweeney
FPO AA 96806",user_aedc5137@ts_example.com,(720)256-6194,1993-09-30,<US_SSN>,2700785230904992,michelle45
Deanna Lee,"85607 Joseph Spurs Apt. 099
Lauraville, DE 16605",user_696fefa0@ts_example.com,504-304-7494x6931,1982-09-09,<US_SSN>,<CREDIT_CARD>,laura96
Jerry Jones,"0741 Snyder Station Suite 284
Meltonland, PR 88002",user_26d516fb@ts_example.com,+1-728-573-9026,1978-03-06,<US_SSN>,2720552887079791,samantharoberts
Trevor White,"03605 Richard Mews
Port Theodoreburgh, MH 69683",user_b35db1e6@ts_example.com,345.999.4358,1955-05-19,<US_SSN>,2458593089404179,kshah
Samantha Thomas,"238 Megan Ridges
West Julia, GU 12342",user_1faba400@ts_example.com,+1-696-598-4646x3971,1937-07-19,<US_SSN>,2694270260052630,mdudley
Jeremy Wilson,"20420 Giles Centers
Kennethhaven, IN 17277",user_2545f771@ts_example.com,206.867.5498,1943-08-21,<US_SSN>,2613556849380213,riverashelby
Samantha Richards,"362 Ochoa Green Apt. 697
East Nicholas, DC 27322",user_5fd47c6b@ts_example.com,445.256.8782x8948,1999-05-27,<US_SSN>,2720213765668235,wmyers
Jessica Carlson,"075 Heath Underpass Apt. 698
Lake Keithport, CT 11261",user_038b3b83@ts_example.com,+1-371-224-7346,1980-08-22,<US_SSN>,2720833390208550,hillwilliam
Elizabeth Thomas,"51300 Michael Meadow
Garciaburgh, OK 54788",user_b821b247@ts_example.com,4697954252,1978-12-09,<US_SSN>,2272154691893095,vpaul
Lori Hansen,"23965 Sanchez Passage Apt. 911
Sarahburgh, SD 45111",user_324d30ed@ts_example.com,746.547.4167x99173,1990-11-21,<US_SSN>,2384716067552623,johnnyking
Sandra Perry,"07398 Phillip Brook Suite 723
South William, MS 43737",user_fd67f893@ts_example.com,(693)500-6409,1945-04-11,<US_SSN>,2292275225210930,noahhuff
Alexander Bright,"03072 Nichols Cape Apt. 200
Robinland, DC 17402",user_62b68ee0@ts_example.com,(630)651-1573x3144,1948-08-24,<US_SSN>,<CREDIT_CARD>,williamgreen
Brian Huff DDS,"Unit 0221 Box 3151
DPO AE 06383",user_7089194f@ts_example.com,+1-204-225-3922x6960,1956-09-02,<US_SSN>,2250821682686128,timothy75
Emily Thomas,"59808 Green Fork
Port Wandaton, NE 89868",user_cc1a2eb7@ts_example.com,8656477180,1977-06-05,<US_SSN>,<CREDIT_CARD>,hsherman
David Ruiz,"683 Sandra Drive
Campbelltown, DC 85463",user_1b71b0f4@ts_example.com,(291)682-2031x167,1982-02-21,<US_SSN>,2234495917561124,duffykimberly
Danielle Smith,"1426 Johnson Centers Apt. 617
South Nancy, KS 68919",user_2719564f@ts_example.com,255.471.8788x136,1967-05-26,<US_SSN>,2299161773036229,hallamanda
Jessica Taylor,"356 Whitney Fields
Beverlyland, SC 55864",user_d2ea0d65@ts_example.com,001-677-863-7336,1997-11-22,<US_SSN>,2599096867892235,xdixon
Jennifer Wells,"4814 Robert Mission Suite 011
Maryshire, VA 76411",user_5d1bebdd@ts_example.com,866.972.1293,1972-01-15,<US_SSN>,2607061971227439,davidhall
Jamie Johnson,"74110 Bailey Ridge
South Martinside, AL 25231",user_f228172f@ts_example.com,001-917-761-9187x776,1985-08-13,<US_SSN>,2273240186415897,lucaswilliams
Robert Hawkins,"2858 Heather Lock Apt. 859
Justinshire, CO 52543",user_4082cb71@ts_example.com,+1-240-574-1123x767,1996-08-04,<US_SSN>,2720334803148590,laurenhoffman
Kevin Valenzuela,"PSC 8133, Box 1302
APO AE 41773",user_dca4d912@ts_example.com,001-230-213-0517,1939-01-18,<US_SSN>,2259971889574030,holly37
Kyle Taylor,"2889 Love Overpass
East Cody, MS 84604",user_77e57ffd@ts_example.com,675.490.5367x8738,1952-03-22,<US_SSN>,2399651820568843,hallchristopher
Lisa Mclaughlin,"12922 Hill Pass Suite 455
Millsfurt, NJ 85565",user_da794b91@ts_example.com,001-479-419-4819x9836,1978-04-21,<US_SSN>,<CREDIT_CARD>,michael38
William Thompson,"77872 Kathleen Cove Apt. 944
Joycemouth, AL 60256",user_2e17acbe@ts_example.com,607-350-4363x47652,1984-04-17,<US_SSN>,<CREDIT_CARD>,cgarcia
Anthony Peterson,"90868 Amy Parkways Suite 135
Ericmouth, NH 90162",user_63017382@ts_example.com,001-441-542-5257x6065,2003-08-24,<US_SSN>,<CREDIT_CARD>,mhernandez
Howard Fox,"0101 Stanton Summit
Wattsport, OR 31919",user_6a34571a@ts_example.com,+1-462-810-6417x2522,2003-08-24,<US_SSN>,2603803998586667,tracyvazquez
Shane Hunt,"78747 White Unions
North Rachelbury, IL 54053",user_f8500890@ts_example.com,(662)717-4400x0086,1998-07-14,<US_SSN>,2717567411955881,codybuck
Leslie Todd,"374 Becky Springs Apt. 804
Vanessaberg, WY 55435",user_84056000@ts_example.com,+1-929-330-3137x694,2006-02-04,<US_SSN>,2258602629490754,calderonjennifer
John Lewis,"1389 Mclaughlin Harbors Apt. 093
North Donnahaven, DE 30649",user_58dcfd8b@ts_example.com,8395581479,1963-09-01,<US_SSN>,2251686886830544,aaron86
Kenneth Mccarthy,"556 Steven Islands Apt. 298
New Williamhaven, NJ 83882",user_72bace8b@ts_example.com,+1-809-771-4512x58133,1982-06-24,<US_SSN>,2221972488934877,gouldmary
Jonathan Fuentes,"8422 Eric Underpass Apt. 624
South Erica, AL 73071",user_ad06c415@ts_example.com,270-513-2050x44893,2001-06-07,<US_SSN>,2377242168229424,ramirezjesus
Elizabeth Mcclain,"0750 Rachel Mountains
Jasonport, TN 29506",user_ed6a4720@ts_example.com,001-534-351-2964,2001-03-08,<US_SSN>,2716612631404517,nathangraham
David Jensen,"0754 Spencer Forge Suite 784
New Kristifurt, CO 58975",user_7baeb4b9@ts_example.com,734-511-3821,1981-03-05,<US_SSN>,<CREDIT_CARD>,dustinjohnson
Cathy Montgomery,"95558 Mark Pass Suite 464
Jenniferfurt, CA 03847",user_a8c238e1@ts_example.com,613-566-0784x327,1942-11-28,<US_SSN>,<CREDIT_CARD>,myoung
Jay Jordan,"893 Eugene Center Suite 738
West Michelleberg, AS 30829",user_5b1d96f6@ts_example.com,(646)651-9974,1942-08-18,<US_SSN>,2249647757607663,cwang
Terry Thomas,"898 Conner Radial
North Christianhaven, CO 34109",user_3690ce6c@ts_example.com,+1-872-717-1210,1982-08-13,<US_SSN>,<CREDIT_CARD>,shane78
Pamela Mcintyre,"03430 Reed Ridge Suite 093
Trevormouth, AK 43505",user_e601986d@ts_example.com,344.635.8797x701,1987-04-20,<US_SSN>,<CREDIT_CARD>,stephaniegrant
Nicole Williams,"1105 Keller Ridge
Frankmouth, NV 28230",user_f63355d6@ts_example.com,001-921-452-1540x0925,1939-03-05,<US_SSN>,2252663386629758,jordanjoyce
Russell Friedman,"121 Jessica Gardens Apt. 753
East Karaview, IN 51807",user_7cec09e1@ts_example.com,423.268.4077x114,1989-06-03,<US_SSN>,2717181865621401,sburke
Richard Griffin,"8014 Amy Passage
Derekmouth, ME 15776",user_2418998b@ts_example.com,839.383.5165x74517,1942-07-06,<US_SSN>,2547029740371757,roger46
Felicia Thompson,"2421 Matthew Forest Suite 095
North Ashley, LA 61212",user_bc04dab6@ts_example.com,893-302-3355,1944-02-19,<US_SSN>,2294825291204213,johnsonerika
Courtney Bradley,"89206 Suarez Islands
South Lindsaymouth, NM 73778",user_653483de@ts_example.com,866.514.5293,1954-04-26,<US_SSN>,2583224416286216,ysimpson
Heather Robinson,"82565 Bobby Unions Suite 298
New Tina, AK 46142",user_a3646c18@ts_example.com,527-452-1144,1988-09-08,<US_SSN>,2234331175927451,james58
Diana White,"7581 Carpenter Place
Brittneyborough, WI 20308",user_89f15d1c@ts_example.com,(744)837-8349,1989-04-24,<US_SSN>,2716868766030036,wroth
Erika Deleon MD,"21554 Martinez Alley Suite 197
Ballport, PR 71817",user_7258d91f@ts_example.com,(357)973-8472,1934-08-23,<US_SSN>,2289149714715052,zwilson
Walter Shaffer,"PSC 4915, Box 3764
APO AA 58173",user_510034ad@ts_example.com,959.865.4805x46025,1934-12-12,<US_SSN>,2711402182879506,sloanjuan
Adam Coffey,"56111 Jordan Dale Apt. 324
Patrickburgh, AL 45697",user_478bd817@ts_example.com,001-498-331-2310x5803,1969-10-23,<US_SSN>,2259646913387654,millercolleen
Renee Bauer,"64460 Gonzalez Row
East Megan, MO 42256",user_e7fa5c93@ts_example.com,+1-939-774-8872x271,1988-01-03,<US_SSN>,<CREDIT_CARD>,jacob38
Meghan Long,"143 Daniel Ridge Suite 336
Lake Lauraborough, MS 71591",user_ce95d3f0@ts_example.com,+1-949-223-7554x15709,2001-11-27,<US_SSN>,2331095174620407,tracynavarro
David Nielsen,"221 Joshua Shoal
Edwardview, FM 06785",user_fd444c92@ts_example.com,642-902-5064x2021,1950-03-06,<US_SSN>,2278461045803678,johnsonscott
Sarah Cervantes,"9917 Luna Motorway
Ramosborough, MN 12739",user_262496c7@ts_example.com,001-818-580-9086x904,1960-07-04,<US_SSN>,2261738929547458,carterandrew
Kevin Santos,"115 Rose Dam
Jamesside, NE 24596",user_4fe61206@ts_example.com,988.384.8846x7770,2002-07-13,<US_SSN>,<CREDIT_CARD>,rporter
Mark Andrews,"51035 Ortiz Ville
New Kelly, MP 68384",user_4686e16b@ts_example.com,+1-350-770-1332x047,1940-08-26,<US_SSN>,2714339186154915,aliciasharp
Brooke Young,"57129 Howard Land
Thompsonburgh, GA 80940",user_34184d52@ts_example.com,(987)607-1691x417,1934-04-19,<US_SSN>,<CREDIT_CARD>,christine08
Bobby Allen,"63438 Mariah Estates Suite 153
West Angiemouth, MN 34746",user_11c79acf@ts_example.com,+1-931-476-7291x314,1943-12-25,<US_SSN>,2631798013070190,sherryturner
Andrew Simpson,"PSC 6443, Box 8084
APO AA 50209",user_2a930965@ts_example.com,001-827-654-7107,1945-07-19,<US_SSN>,2720688490008346,albertbenson
Tina White,"184 Mata Center Apt. 839
East Matthewfort, FM 71327",user_f5d66c98@ts_example.com,001-392-399-3897x93831,1936-04-29,<US_SSN>,<CREDIT_CARD>,sabrina51
Johnny Morris,"70128 Smith Lane Apt. 655
Fordbury, VA 73518",user_f2112a5c@ts_example.com,2343101200,2002-02-14,<US_SSN>,2296311333524312,erinmccall
Thomas Wilson,"PSC 8418, Box 2084
APO AP 35574",user_0983e488@ts_example.com,+1-590-782-9051x951,1936-09-04,<US_SSN>,<CREDIT_CARD>,grossdennis
Ryan Zimmerman,"12803 Timothy Land Suite 643
Karinaport, PA 83744",user_a497a372@ts_example.com,4589179558,1936-05-28,<US_SSN>,2299522685071721,dawnburton
Dawn Ferrell,"PSC 3244, Box 3761
APO AA 77140",user_4cf1a676@ts_example.com,269.669.5816x67399,1934-01-26,<US_SSN>,<CREDIT_CARD>,hallmichelle
Matthew Jones,"55357 Odom Viaduct
Keithborough, ID 37395",user_1ecd1c3d@ts_example.com,001-887-584-9483,1985-12-10,<US_SSN>,2240221012857999,brucemaurice
Nathan Roth,"8755 Mayo Fort
East Christopher, MP 07060",user_8e880e60@ts_example.com,456-948-0037,1968-09-26,<US_SSN>,2295328837095723,ethornton
Christopher Zhang,"72834 Brian Canyon Apt. 674
Currytown, ND 58861",user_17993425@ts_example.com,(246)401-3870x716,1946-05-18,<US_SSN>,2469633971338924,rodriguezmelissa
Thomas Martinez,"21010 Morgan Port
Brownton, CA 87690",user_de9fd8dc@ts_example.com,001-920-419-9570x88841,1990-09-27,<US_SSN>,2710524019354766,suttonkelly
Jessica Davies,"PSC 3205, Box 3795
APO AP 68270",user_092d3038@ts_example.com,(367)249-7370,1979-10-31,<US_SSN>,<CREDIT_CARD>,matthew65
Charles Davis,"52813 Payne Square Apt. 182
Montoyabury, MN 36499",user_736b7497@ts_example.com,208.912.1241,1981-12-18,<US_SSN>,2652773389965434,qevans
William Ballard,"1354 Lawrence Islands Apt. 957
Lake Pamela, UT 28032",user_0af77280@ts_example.com,(701)605-2278,1991-03-12,<US_SSN>,2279778734958920,westpaula
Jonathan Reynolds,"886 Patricia Forest
Lake Yvonne, MD 92046",user_67f6381c@ts_example.com,(823)929-3494,1993-10-05,<US_SSN>,2701273070213088,hernandezjeffrey
Denise Martinez,"7283 Mccann Manor
New Thomashaven, TX 99416",user_79e7e8b1@ts_example.com,6223819603,1984-05-29,<US_SSN>,<CREDIT_CARD>,donna03
